"호","용도지역","건폐율","건폐율_단위","건폐율_출처","용적률","용적률_단위","용적률_출처","시행일","조회일시","조회경로"
"1","제1종전용주거지역","50","퍼센트 이하","천안시 도시계획 조례 제56조제1항제1호","100","퍼센트 이하","천안시 도시계획 조례 제61조제1항제1호","2024-05-17","2026-09-21 15:33:19","law.go.kr Open API (lawService.do target=ordin MST=1932763) · ordin.ps1"
"2","제2종전용주거지역","50","퍼센트 이하","천안시 도시계획 조례 제56조제1항제2호","150","퍼센트 이하","천안시 도시계획 조례 제61조제1항제2호","2024-05-17","2026-09-21 15:33:19","law.go.kr Open API (lawService.do target=ordin MST=1932763) · ordin.ps1"
"3","제1종일반주거지역","60","퍼센트 이하","천안시 도시계획 조례 제56조제1항제3호","200","퍼센트 이하","천안시 도시계획 조례 제61조제1항제3호","2024-05-17","2026-09-21 15:33:19","law.go.kr Open API (lawService.do target=ordin MST=1932763) · ordin.ps1"
"4","제2종일반주거지역","60","퍼센트 이하","천안시 도시계획 조례 제56조제1항제4호","250","퍼센트 이하","천안시 도시계획 조례 제61조제1항제4호","2024-05-17","2026-09-21 15:33:19","law.go.kr Open API (lawService.do target=ordin MST=1932763) · ordin.ps1"
"5","제3종일반주거지역","50","퍼센트 이하","천안시 도시계획 조례 제56조제1항제5호","300","퍼센트 이하","천안시 도시계획 조례 제61조제1항제5호","2024-05-17","2026-09-21 15:33:19","law.go.kr Open API (lawService.do target=ordin MST=1932763) · ordin.ps1"
"6","준주거지역","70","퍼센트 이하","천안시 도시계획 조례 제56조제1항제6호","500","퍼센트 이하","천안시 도시계획 조례 제61조제1항제6호","2024-05-17","2026-09-21 15:33:19","law.go.kr Open API (lawService.do target=ordin MST=1932763) · ordin.ps1"
"7","중심상업지역","90","퍼센트 이하","천안시 도시계획 조례 제56조제1항제7호","1200","퍼센트 이하","천안시 도시계획 조례 제61조제1항제7호","2024-05-17","2026-09-21 15:33:19","law.go.kr Open API (lawService.do target=ordin MST=1932763) · ordin.ps1"
"8","일반상업지역","80","퍼센트 이하","천안시 도시계획 조례 제56조제1항제8호","1100","퍼센트 이하","천안시 도시계획 조례 제61조제1항제8호","2024-05-17","2026-09-21 15:33:19","law.go.kr Open API (lawService.do target=ordin MST=1932763) · ordin.ps1"
"9","근린상업지역","70","퍼센트 이하","천안시 도시계획 조례 제56조제1항제9호","700","퍼센트 이하","천안시 도시계획 조례 제61조제1항제9호","2024-05-17","2026-09-21 15:33:19","law.go.kr Open API (lawService.do target=ordin MST=1932763) · ordin.ps1"
"10","유통상업지역","80","퍼센트 이하","천안시 도시계획 조례 제56조제1항제10호","700","퍼센트 이하","천안시 도시계획 조례 제61조제1항제10호","2024-05-17","2026-09-21 15:33:19","law.go.kr Open API (lawService.do target=ordin MST=1932763) · ordin.ps1"
"11","전용공업지역","70","퍼센트 이하","천안시 도시계획 조례 제56조제1항제11호","300","퍼센트 이하","천안시 도시계획 조례 제61조제1항제11호","2024-05-17","2026-09-21 15:33:19","law.go.kr Open API (lawService.do target=ordin MST=1932763) · ordin.ps1"
"12","일반공업지역","70","퍼센트 이하","천안시 도시계획 조례 제56조제1항제12호","350","퍼센트 이하","천안시 도시계획 조례 제61조제1항제12호","2024-05-17","2026-09-21 15:33:19","law.go.kr Open API (lawService.do target=ordin MST=1932763) · ordin.ps1"
"13","준공업지역","70","퍼센트 이하","천안시 도시계획 조례 제56조제1항제13호","350","퍼센트 이하","천안시 도시계획 조례 제61조제1항제13호","2024-05-17","2026-09-21 15:33:19","law.go.kr Open API (lawService.do target=ordin MST=1932763) · ordin.ps1"
"14","보전녹지지역","20","퍼센트 이하","천안시 도시계획 조례 제56조제1항제14호","60","퍼센트 이하","천안시 도시계획 조례 제61조제1항제14호","2024-05-17","2026-09-21 15:33:19","law.go.kr Open API (lawService.do target=ordin MST=1932763) · ordin.ps1"
"15","생산녹지지역","20","퍼센트 이하","천안시 도시계획 조례 제56조제1항제15호","80","퍼센트 이하","천안시 도시계획 조례 제61조제1항제15호","2024-05-17","2026-09-21 15:33:19","law.go.kr Open API (lawService.do target=ordin MST=1932763) · ordin.ps1"
"16","자연녹지지역","20","퍼센트 이하","천안시 도시계획 조례 제56조제1항제16호","80","퍼센트 이하","천안시 도시계획 조례 제61조제1항제16호","2024-05-17","2026-09-21 15:33:19","law.go.kr Open API (lawService.do target=ordin MST=1932763) · ordin.ps1"
"17","보전관리지역","20","퍼센트 이하","천안시 도시계획 조례 제56조제1항제17호","80","퍼센트 이하","천안시 도시계획 조례 제61조제1항제17호","2024-05-17","2026-09-21 15:33:19","law.go.kr Open API (lawService.do target=ordin MST=1932763) · ordin.ps1"
"18","생산관리지역","20","퍼센트 이하","천안시 도시계획 조례 제56조제1항제18호","80","퍼센트 이하","천안시 도시계획 조례 제61조제1항제18호","2024-05-17","2026-09-21 15:33:19","law.go.kr Open API (lawService.do target=ordin MST=1932763) · ordin.ps1"
"19","계획관리지역","40","퍼센트 이하","천안시 도시계획 조례 제56조제1항제19호","100","퍼센트 이하","천안시 도시계획 조례 제61조제1항제19호","2024-05-17","2026-09-21 15:33:19","law.go.kr Open API (lawService.do target=ordin MST=1932763) · ordin.ps1"
"20","농림지역","20","퍼센트 이하","천안시 도시계획 조례 제56조제1항제20호","80","퍼센트 이하","천안시 도시계획 조례 제61조제1항제20호","2024-05-17","2026-09-21 15:33:19","law.go.kr Open API (lawService.do target=ordin MST=1932763) · ordin.ps1"
"21","자연환경보전지역","20","퍼센트 이하","천안시 도시계획 조례 제56조제1항제21호","60","퍼센트 이하","천안시 도시계획 조례 제61조제1항제21호","2024-05-17","2026-09-21 15:33:19","law.go.kr Open API (lawService.do target=ordin MST=1932763) · ordin.ps1"
