"번호","출처","검증대상_주장(원문 그대로)","오류유형","판정","원문_발췌","법령명","법령ID_또는_자치법규ID","MST_또는_일련번호","조항호","시행일","조회일","정정값","근거파일(raw)"
"V01","AI요약 §1 광역도시계획","수립권자: 시·도지사 (「국토의 계획 및 이용에 관한 법률」 제19조)","조문","실재하지 않음","제19조는 「도시ㆍ군기본계획의 내용」임. 제11조① 1. 같은 도: 관할 시장 또는 군수가 공동으로 수립 / 2. 둘 이상 시ㆍ도: 관할 시ㆍ도지사가 공동으로 수립 / 3.·4. 3년 내 승인 신청 없으면 도지사·국토교통부장관","국토의 계획 및 이용에 관한 법률","009294","284013","제11조제1항","2026-07-01","2026-09-21","수립권자 근거는 제11조제1항이며 광역계획권 범위에 따라 시장·군수 공동 / 시·도지사 공동 / 도지사 / 국토교통부장관으로 갈림","법_제19조, 법_제11조"
"V02","AI요약 §1 광역도시계획","재검토 주기: 5년마다 (제20조)","조문","실재하지 않음","제20조는 「도시ㆍ군기본계획 수립을 위한 기초조사 및 공청회」이며 재검토 주기 규정이 없음","국토의 계획 및 이용에 관한 법률","009294","284013","제20조","2026-07-01","2026-09-21","제20조에 해당 내용 없음. '5년마다 재검토'는 기본계획(제23조제1항)과 관리계획(제34조제1항)의 규정임","법_제20조"
"V03","AI요약 §1 도시·군기본계획","수립권자: 시장·군수 (제23조)","조문","실재하지 않음","제23조는 「도시ㆍ군기본계획의 정비」임. 제18조① 특별시장ㆍ광역시장ㆍ특별자치시장ㆍ특별자치도지사ㆍ시장 또는 군수는 관할 구역에 대하여 도시ㆍ군기본계획을 수립하여야 한다","국토의 계획 및 이용에 관한 법률","009294","284013","제18조제1항","2026-07-01","2026-09-21","수립권자 근거는 제18조제1항 (값 '시장·군수'는 맞고 조문 번호가 틀림)","법_제23조, 법_제18조"
"V04","AI요약 §1 도시·군기본계획","계획기간: 20년 (제23조 제2항)","조문","실재하지 않음","제23조②는 우선하는 광역도시계획·국가계획의 내용을 기본계획에 반영하라는 규정이며 계획기간을 정하지 않음","국토의 계획 및 이용에 관한 법률","009294","284013","제23조제2항","2026-07-01","2026-09-21","법 조문에는 계획기간 규정이 없음. 20년은 법이 아닌 수립지침 사항으로 보이나 지침 원문은 조회하지 않음 [확인 필요]","법_제23조"
"V05","AI요약 §1 도시·군기본계획","재검토 주기: 5년마다 (제26조)","조문","실재하지 않음","제26조는 「도시ㆍ군관리계획 입안의 제안」임. 제23조① … 5년마다 관할 구역의 도시ㆍ군기본계획에 대하여 타당성을 전반적으로 재검토하여 정비하여야 한다","국토의 계획 및 이용에 관한 법률","009294","284013","제23조제1항","2026-07-01","2026-09-21","근거는 제23조제1항 (값 5년은 맞고 조문 번호가 틀림)","법_제26조, 법_제23조"
"V06","AI요약 §1 도시·군관리계획","수립권자: 시장·군수 (제30조)","조문","실재하지 않음","제30조는 「도시ㆍ군관리계획의 결정」 절차 조문임. 제24조① 시장 또는 군수 등은 관할 구역에 대하여 도시ㆍ군관리계획을 입안하여야 한다 / 제29조① 시ㆍ도지사가 결정, 인구 50만 이상 대도시는 대도시 시장이 직접 결정","국토의 계획 및 이용에 관한 법률","009294","284013","제24조제1항 · 제29조제1항","2026-07-01","2026-09-21","입안권자는 제24조제1항, 결정권자는 제29조제1항으로 나뉨 (강의 슬라이드 37: 부성지구 결정도의 결정권자는 대도시 시장인 천안시장)","법_제30조, 법_제24조, 법_제29조"
"V07","AI요약 §1 도시·군관리계획","재검토 주기: 3년마다 (제32조)","수치","실재하지 않음","제32조는 「도시ㆍ군관리계획에 관한 지형도면의 고시 등」임. 제34조① … 5년마다 관할 구역의 도시ㆍ군관리계획에 대하여 … 타당성을 전반적으로 재검토하여 정비하여야 한다","국토의 계획 및 이용에 관한 법률","009294","284013","제34조제1항","2026-07-01","2026-09-21","5년마다, 제34조제1항 (수치와 조문 번호 둘 다 틀림)","법_제32조, 법_제34조"
"V08","AI요약 §2 용도지역 세분","공업지역: 중화학공업지역, 일반공업지역, 경공업지역 (3가지) (제36조 제3항)","조문","실재하지 않음","영 제30조①3 가. 전용공업지역(주로 중화학공업, 공해성 공업 등을 수용) 나. 일반공업지역 다. 준공업지역(경공업 그 밖의 공업을 수용). 법 제36조에는 제3항이 없음","국토의 계획 및 이용에 관한 법률 시행령","009419","288857","영 제30조제1항제3호","2026-09-18","2026-09-21","전용공업지역·일반공업지역·준공업지역. AI가 지정 목적에 나오는 단어(중화학·경공업)를 지역 명칭으로 바꿔 씀","영_제30조, 법_제36조"
"V09","AI요약 §2 용도지역 세분","주거지역 3가지 … 총 12가지 세분","수치","실재하지 않음","영 제30조① 주거 6(제1·2종전용, 제1·2·3종일반, 준주거)·상업 4(중심·일반·근린·유통)·공업 3·녹지 3 = 도시지역 16종. 법 제36조① 관리지역 3(보전·생산·계획) + 농림지역 + 자연환경보전지역","국토의 계획 및 이용에 관한 법률 시행령","009419","288857","영 제30조제1항 · 법 제36조제1항","2026-09-18","2026-09-21","도시지역 16종, 전체 21종 (영 제84조제1항·제85조제1항의 21개 호와 일치)","영_제30조, 법_제36조, 영_제84조"
"V10","AI요약 §3 용도지구","근거: 시행령 제30조·제36조 / 목록: 경관·고도·방화·진흥·특정용도제한·복합용도·중심지육성·전략산업·문화·예술지구 / 총 9~11가지","조문","실재하지 않음","법 제37조① 1.경관 2.고도 3.방화 4.방재 5.보호 6.취락 7.개발진흥 8.특정용도제한 9.복합용도 10.그 밖에 대통령령으로 정하는 지구. 영 제30조는 용도지역의 세분 조문임","국토의 계획 및 이용에 관한 법률","009294","284013","제37조제1항","2026-07-01","2026-09-21","근거는 법 제37조제1항이며 9종임. '진흥지구·중심지육성지구·전략산업지구·문화·예술지구'는 없고 방재·보호·취락지구가 빠짐","법_제37조, 영_제30조"
"V11","AI요약 §4 용도구역","농업진흥구역 (제40조)","조문","실재하지 않음","제40조는 「수산자원보호구역의 지정」임. 용도구역: 제38조 개발제한구역, 제38조의2 도시자연공원구역, 제39조 시가화조정구역, 제40조 수산자원보호구역","국토의 계획 및 이용에 관한 법률","009294","284013","제38조~제40조","2026-07-01","2026-09-21","국토계획법에 '농업진흥구역'이라는 용도구역은 없음. 제40조는 수산자원보호구역이며 AI 목록에서 빠짐","법_제38조, 법_제38조의2, 법_제39조, 법_제40조"
"V12","AI요약 §4 용도구역","용도구역 목록 4개(개발제한·도시자연공원·시가화조정·농업진흥)에 도시혁신구역·복합용도구역·도시·군계획시설입체복합구역이 없음","시점","시점 불일치","제2조제4호 사. 도시혁신구역 … 아. 복합용도구역 … 자. 도시ㆍ군계획시설입체복합구역 / 바. 삭제 <2024.2.6> / 제2조 개정연혁 2024.2.6","국토의 계획 및 이용에 관한 법률","009294","284013","제2조제4호 사목~자목","2026-07-01","2026-09-21","2024.2.6 개정 이후 체계로 정정: 도시혁신구역·복합용도구역·도시·군계획시설입체복합구역 추가 (강의 슬라이드 31 ③·④와 같은 유형)","법_제2조"
"V13","AI요약 §5 법정 상한","자연녹지지역: 건폐율 10%, 용적률 50% (제78조 제3항)","수치","실재하지 않음","영 제84조①16 자연녹지지역 : 20퍼센트 이하 / 영 제85조①16 자연녹지지역 : 50퍼센트 이상 100퍼센트 이하","국토의 계획 및 이용에 관한 법률 시행령","009419","288857","영 제84조제1항제16호 · 제85조제1항제16호","2026-09-18","2026-09-21","건폐율 20% 이하, 용적률 50~100%. AI의 50%는 하한값을 상한으로 잘못 적은 것","영_제84조, 영_제85조"
"V14","AI요약 §5 법정 상한","중심상업지역: 건폐율 80%, 용적률 400% (제78조 제1항)","수치","실재하지 않음","법 제78조①1나 상업지역: 1천500퍼센트 이하 / 영 제84조①7 중심상업지역 : 90퍼센트 이하 / 영 제85조①7 200퍼센트 이상 1천500퍼센트 이하","국토의 계획 및 이용에 관한 법률 시행령","009419","288857","영 제84조제1항제7호 · 제85조제1항제7호","2026-09-18","2026-09-21","건폐율 90% 이하, 용적률 200~1,500%","법_제78조, 영_제84조, 영_제85조"
"V15","AI요약 §5 법정 상한","제3종 주거지역: 건폐율 60%, 용적률 200% (제77조 제1항)","수치","실재하지 않음","영 제84조①5 제3종일반주거지역 : 50퍼센트 이하 / 영 제85조①5 100퍼센트 이상 300퍼센트 이하. 법 제77조①은 대분류(주거지역 70퍼센트 이하)만 정함","국토의 계획 및 이용에 관한 법률 시행령","009419","288857","영 제84조제1항제5호 · 제85조제1항제5호","2026-09-18","2026-09-21","제3종일반주거지역 건폐율 50% 이하, 용적률 100~300%. 세분 21종의 기준은 법이 아니라 시행령에 있음","법_제77조, 영_제84조, 영_제85조"
"V16","AI요약 §5 법정 상한","근거: 시행령 제79조·제80조","조문","실재하지 않음","영 제79조는 「개발진흥지구에서의 건축제한」, 영 제80조는 「특정용도제한지구안에서의 건축제한」임","국토의 계획 및 이용에 관한 법률 시행령","009419","288857","영 제84조 · 제85조","2026-09-18","2026-09-21","건폐율은 영 제84조, 용적률은 영 제85조","영_제79조, 영_제80조"
"V17","AI요약 §6 천안 조례","조례명: 「천안시 도시·군관리계획조례」","조문","실재하지 않음","자치법규 검색(query=천안시 도시계획 조례) 결과 1건: 「천안시 도시계획 조례」 자치법규ID 2152964 · 일련번호 1932763 · 공포 제2613호","천안시 도시계획 조례","2152964","1932763","(법규명)","2024-05-17","2026-09-21","정식 명칭은 「천안시 도시계획 조례」","천안조례검색"
"V18","AI요약 §6 천안 조례","제1종 일반주거지역: 건폐율 50%, 용적률 100~120%","수치","실재하지 않음","제56조①3 제1종일반주거지역 : 60퍼센트 이하 / 제61조①3 제1종일반주거지역 : 200퍼센트 이하","천안시 도시계획 조례","2152964","1932763","제56조제1항제3호 · 제61조제1항제3호","2024-05-17","2026-09-21","건폐율 60% 이하, 용적률 200% 이하","천안조례전문"
"V19","AI요약 §6 천안 조례","제2종 일반주거지역: 건폐율 50%, 용적률 150~180%","수치","실재하지 않음","제56조①4 제2종일반주거지역 : 60퍼센트 이하 / 제61조①4 제2종일반주거지역 : 250퍼센트 이하","천안시 도시계획 조례","2152964","1932763","제56조제1항제4호 · 제61조제1항제4호","2024-05-17","2026-09-21","건폐율 60% 이하, 용적률 250% 이하","천안조례전문"
"V20","AI요약 §6 천안 조례","제3종 일반주거지역: 건폐율 60%, 용적률 200~250%","수치","실재하지 않음","제56조①5 제3종일반주거지역 : 50퍼센트 이하 / 제61조①5 제3종일반주거지역 : 300퍼센트 이하","천안시 도시계획 조례","2152964","1932763","제56조제1항제5호 · 제61조제1항제5호","2024-05-17","2026-09-21","건폐율 50% 이하, 용적률 300% 이하. 실제로는 제3종의 건폐율이 제1·2종(60%)보다 낮은데 AI는 반대로 적음","천안조례전문"
"V21","AI요약 §6 천안 조례","준주거지역: 건폐율 60%, 용적률 200~300%","수치","실재하지 않음","제56조①6 준주거지역 : 70퍼센트 이하 / 제61조①6 준주거지역 : 500퍼센트 이하","천안시 도시계획 조례","2152964","1932763","제56조제1항제6호 · 제61조제1항제6호","2024-05-17","2026-09-21","건폐율 70% 이하, 용적률 500% 이하 (천안은 시행령 상한 500%를 그대로 씀 — 강의 슬라이드 35)","천안조례전문"
"V22","AI요약 §6 천안 조례","자연녹지지역: 건폐율 10%, 용적률 50~80%","수치","실재하지 않음","제56조①16 자연녹지지역 : 20퍼센트 이하 / 제61조①16 자연녹지지역 : 80퍼센트 이하","천안시 도시계획 조례","2152964","1932763","제56조제1항제16호 · 제61조제1항제16호","2024-05-17","2026-09-21","건폐율 20% 이하, 용적률 80% 이하","천안조례전문"
"V23","AI요약 §7 지구단위계획","정의: (제50조) 도시·군기본계획 또는 도시·군관리계획의 내용을 구체화·상세화하여 …","조문","실재하지 않음","제50조 지구단위계획구역 및 지구단위계획은 도시ㆍ군관리계획으로 결정한다 / 제2조5. 지구단위계획이란 도시ㆍ군계획 수립 대상지역의 일부에 대하여 토지 이용을 합리화하고 … 수립하는 도시ㆍ군관리계획을 말한다","국토의 계획 및 이용에 관한 법률","009294","284013","제2조제5호","2026-07-01","2026-09-21","정의 조문은 제2조제5호이고, 제50조는 결정 방식을 정한 조문임","법_제50조, 법_제2조"
"V24","AI요약 §7 지구단위계획","수립 내용: (제50조 제2항) 토지이용계획, 도로·교통계획, 공공시설계획, 건축계획, 경관계획, 환경보전계획 등","조문","실재하지 않음","제50조는 항이 나뉘지 않은 단일 문장 조문임. 제52조① 1.용도지역·지구 세분·변경 … 2.기반시설의 배치와 규모 … 4.건축물의 용도제한, 건폐율 또는 용적률, 높이 … 중 제2호와 제4호를 포함한 둘 이상","국토의 계획 및 이용에 관한 법률","009294","284013","제52조제1항","2026-07-01","2026-09-21","근거는 제52조제1항이며 제2호(기반시설)와 제4호(건축물 용도·건폐율·용적률·높이)는 반드시 포함","법_제50조, 법_제52조"
"V25","AI요약 §7 지구단위계획","실효: 3년 (제52조 제2항) 지구단위계획 지정 후 3년 내에 계획을 수립하지 않으면 지정이 자동 해제됨","조문","실재하지 않음","제52조②는 개발밀도와 기반시설 용량의 조화 규정임. 제53조① 지구단위계획구역의 지정에 관한 도시ㆍ군관리계획결정의 고시일부터 3년 이내에 … 지구단위계획이 결정ㆍ고시되지 아니하면 그 3년이 되는 날의 다음날에 … 효력을 잃는다","국토의 계획 및 이용에 관한 법률","009294","284013","제53조제1항","2026-07-01","2026-09-21","근거는 제53조제1항 (값 3년은 맞음). 기산점은 구역 지정 결정의 고시일이고 효력 상실일은 3년이 되는 날의 다음날임","법_제52조, 법_제53조"
"V26","AI요약 §8 임대주택 완화","(제84조 제1항) 주택법에 따른 임대주택 건설 시 용적률 상한의 20% 범위 내에서 완화","조문","실재하지 않음","법 제84조는 「둘 이상의 용도지역ㆍ용도지구ㆍ용도구역에 걸치는 대지에 대한 적용 기준」임. 영 제85조③1 제1항제1호부터 제6호까지의 지역에서 … 공공임대주택 또는 임대의무기간이 8년 이상인 … 민간임대주택을 건설하는 경우: … 용도지역별 최대한도의 120퍼센트 이내 / 천안 조례 제61조③ … 제1항제1호부터 제6호까지의 용적률의 120퍼센트로 한다","국토의 계획 및 이용에 관한 법률 시행령","009419","288857","영 제85조제3항제1호 · 천안 조례 제61조제3항","2026-09-18","2026-09-21","근거는 영 제85조제3항제1호와 천안 조례 제61조제3항. '최대한도의 120% 이내'는 AI의 '20% 범위'와 크기는 같으나, 대상이 주거지역 6종에서 공공임대 또는 임대의무 8년 이상 민간임대로 한정되고 근거 법률도 주택법이 아님","법_제84조, 영_제85조, 천안조례전문"
"V27","AI요약 §8 임대주택 완화","근거: 시행령 제86조","조문","실재하지 않음","영 제86조는 「용도지역 미세분지역에서의 행위제한 등」임","국토의 계획 및 이용에 관한 법률 시행령","009419","288857","영 제85조제3항제1호","2026-09-18","2026-09-21","영 제85조제3항제1호","영_제86조"
"V28","2025 강의자료 (3주차 슬라이드 30·31이 원본 45·53번으로 인용)","용도지구 10종","시점","시점 불일치","법 제37조① 개정연혁에 2017.4.18 포함, 제9호 복합용도지구 / 영 제31조② 2.·3.·6. 삭제 <2017.12.29>","국토의 계획 및 이용에 관한 법률","009294","284013","제37조제1항 · 영 제31조제2항","2026-07-01","2026-09-21","현행 9종 (미관지구→경관지구, 보존·시설보호지구→보호지구로 통폐합, 복합용도지구 신설). 교수님이 슬라이드 30에서 '시점 오류 1건은 이 목록으로 채울 수 있음'이라고 한 항목을 원문으로 재확인한 것","법_제37조, 영_제31조"
"V29","3주차 강의자료 (슬라이드 12·35 출처 표기, 참고문헌 [2])","「국토의 계획 및 이용에 관한 법률 시행령」 2026-09-08 공포·시행","시점","시점 불일치","법령 검색 결과 현행 시행령: 법령일련번호(MST) 288857 · 공포 2026-08-18 (제36587호, 타법개정) · 시행 2026-09-18","국토의 계획 및 이용에 관한 법률 시행령","009419","288857","(법령 판본)","2026-09-18","2026-09-21","조회일 2026-09-21 기준 현행본은 2026-09-18 시행본임. 강의자료 조회일(2026-09-09) 뒤에 판본이 바뀐 것이지 강의자료가 틀린 것은 아님. 제84조①·제85조① 21종 수치는 강의 값과 모두 같음 (슬라이드 33 '시행령이 조회 전날 바뀌는 일이 실제로 있음'의 실례)","국토계획법검색, 영_제84조, 영_제85조"
