"번호","대분류","중분류","용도지역","건폐율_법상한(%)","건폐율_시행령상한(%)","건폐율_천안조례(%)","용적률_시행령범위(%)","용적률_천안조례(%)","천안_근거조문","천안_자치법규ID/일련번호","천안_시행일","법령_근거","조회일","조회방법"
"1","도시지역","주거지역","제1종전용주거지역","70","50","50","50~100","100","「천안시 도시계획 조례」 제56조제1항제1호 · 제61조제1항제1호","2152964 / 1932763","2024-05-17","법 제77조제1항·제78조제1항(MST 284013, 시행 2026-07-01) · 영 제84조제1항·제85조제1항(MST 288857, 시행 2026-09-18)","2026-09-21","국가법령정보 OPEN API lawService.do (원문: raw 폴더)"
"2","도시지역","주거지역","제2종전용주거지역","70","50","50","50~150","150","「천안시 도시계획 조례」 제56조제1항제2호 · 제61조제1항제2호","2152964 / 1932763","2024-05-17","법 제77조제1항·제78조제1항(MST 284013, 시행 2026-07-01) · 영 제84조제1항·제85조제1항(MST 288857, 시행 2026-09-18)","2026-09-21","국가법령정보 OPEN API lawService.do (원문: raw 폴더)"
"3","도시지역","주거지역","제1종일반주거지역","70","60","60","100~200","200","「천안시 도시계획 조례」 제56조제1항제3호 · 제61조제1항제3호","2152964 / 1932763","2024-05-17","법 제77조제1항·제78조제1항(MST 284013, 시행 2026-07-01) · 영 제84조제1항·제85조제1항(MST 288857, 시행 2026-09-18)","2026-09-21","국가법령정보 OPEN API lawService.do (원문: raw 폴더)"
"4","도시지역","주거지역","제2종일반주거지역","70","60","60","100~250","250","「천안시 도시계획 조례」 제56조제1항제4호 · 제61조제1항제4호","2152964 / 1932763","2024-05-17","법 제77조제1항·제78조제1항(MST 284013, 시행 2026-07-01) · 영 제84조제1항·제85조제1항(MST 288857, 시행 2026-09-18)","2026-09-21","국가법령정보 OPEN API lawService.do (원문: raw 폴더)"
"5","도시지역","주거지역","제3종일반주거지역","70","50","50","100~300","300","「천안시 도시계획 조례」 제56조제1항제5호 · 제61조제1항제5호","2152964 / 1932763","2024-05-17","법 제77조제1항·제78조제1항(MST 284013, 시행 2026-07-01) · 영 제84조제1항·제85조제1항(MST 288857, 시행 2026-09-18)","2026-09-21","국가법령정보 OPEN API lawService.do (원문: raw 폴더)"
"6","도시지역","주거지역","준주거지역","70","70","70","200~500","500","「천안시 도시계획 조례」 제56조제1항제6호 · 제61조제1항제6호","2152964 / 1932763","2024-05-17","법 제77조제1항·제78조제1항(MST 284013, 시행 2026-07-01) · 영 제84조제1항·제85조제1항(MST 288857, 시행 2026-09-18)","2026-09-21","국가법령정보 OPEN API lawService.do (원문: raw 폴더)"
"7","도시지역","상업지역","중심상업지역","90","90","90","200~1500","1200","「천안시 도시계획 조례」 제56조제1항제7호 · 제61조제1항제7호","2152964 / 1932763","2024-05-17","법 제77조제1항·제78조제1항(MST 284013, 시행 2026-07-01) · 영 제84조제1항·제85조제1항(MST 288857, 시행 2026-09-18)","2026-09-21","국가법령정보 OPEN API lawService.do (원문: raw 폴더)"
"8","도시지역","상업지역","일반상업지역","90","80","80","200~1300","1100","「천안시 도시계획 조례」 제56조제1항제8호 · 제61조제1항제8호","2152964 / 1932763","2024-05-17","법 제77조제1항·제78조제1항(MST 284013, 시행 2026-07-01) · 영 제84조제1항·제85조제1항(MST 288857, 시행 2026-09-18)","2026-09-21","국가법령정보 OPEN API lawService.do (원문: raw 폴더)"
"9","도시지역","상업지역","근린상업지역","90","70","70","200~900","700","「천안시 도시계획 조례」 제56조제1항제9호 · 제61조제1항제9호","2152964 / 1932763","2024-05-17","법 제77조제1항·제78조제1항(MST 284013, 시행 2026-07-01) · 영 제84조제1항·제85조제1항(MST 288857, 시행 2026-09-18)","2026-09-21","국가법령정보 OPEN API lawService.do (원문: raw 폴더)"
"10","도시지역","상업지역","유통상업지역","90","80","80","200~1100","700","「천안시 도시계획 조례」 제56조제1항제10호 · 제61조제1항제10호","2152964 / 1932763","2024-05-17","법 제77조제1항·제78조제1항(MST 284013, 시행 2026-07-01) · 영 제84조제1항·제85조제1항(MST 288857, 시행 2026-09-18)","2026-09-21","국가법령정보 OPEN API lawService.do (원문: raw 폴더)"
"11","도시지역","공업지역","전용공업지역","70","70","70","150~300","300","「천안시 도시계획 조례」 제56조제1항제11호 · 제61조제1항제11호","2152964 / 1932763","2024-05-17","법 제77조제1항·제78조제1항(MST 284013, 시행 2026-07-01) · 영 제84조제1항·제85조제1항(MST 288857, 시행 2026-09-18)","2026-09-21","국가법령정보 OPEN API lawService.do (원문: raw 폴더)"
"12","도시지역","공업지역","일반공업지역","70","70","70","150~350","350","「천안시 도시계획 조례」 제56조제1항제12호 · 제61조제1항제12호","2152964 / 1932763","2024-05-17","법 제77조제1항·제78조제1항(MST 284013, 시행 2026-07-01) · 영 제84조제1항·제85조제1항(MST 288857, 시행 2026-09-18)","2026-09-21","국가법령정보 OPEN API lawService.do (원문: raw 폴더)"
"13","도시지역","공업지역","준공업지역","70","70","70","150~400","350","「천안시 도시계획 조례」 제56조제1항제13호 · 제61조제1항제13호","2152964 / 1932763","2024-05-17","법 제77조제1항·제78조제1항(MST 284013, 시행 2026-07-01) · 영 제84조제1항·제85조제1항(MST 288857, 시행 2026-09-18)","2026-09-21","국가법령정보 OPEN API lawService.do (원문: raw 폴더)"
"14","도시지역","녹지지역","보전녹지지역","20","20","20","50~80","60","「천안시 도시계획 조례」 제56조제1항제14호 · 제61조제1항제14호","2152964 / 1932763","2024-05-17","법 제77조제1항·제78조제1항(MST 284013, 시행 2026-07-01) · 영 제84조제1항·제85조제1항(MST 288857, 시행 2026-09-18)","2026-09-21","국가법령정보 OPEN API lawService.do (원문: raw 폴더)"
"15","도시지역","녹지지역","생산녹지지역","20","20","20","50~100","80","「천안시 도시계획 조례」 제56조제1항제15호 · 제61조제1항제15호","2152964 / 1932763","2024-05-17","법 제77조제1항·제78조제1항(MST 284013, 시행 2026-07-01) · 영 제84조제1항·제85조제1항(MST 288857, 시행 2026-09-18)","2026-09-21","국가법령정보 OPEN API lawService.do (원문: raw 폴더)"
"16","도시지역","녹지지역","자연녹지지역","20","20","20","50~100","80","「천안시 도시계획 조례」 제56조제1항제16호 · 제61조제1항제16호","2152964 / 1932763","2024-05-17","법 제77조제1항·제78조제1항(MST 284013, 시행 2026-07-01) · 영 제84조제1항·제85조제1항(MST 288857, 시행 2026-09-18)","2026-09-21","국가법령정보 OPEN API lawService.do (원문: raw 폴더)"
"17","관리지역","관리지역","보전관리지역","20","20","20","50~80","80","「천안시 도시계획 조례」 제56조제1항제17호 · 제61조제1항제17호","2152964 / 1932763","2024-05-17","법 제77조제1항·제78조제1항(MST 284013, 시행 2026-07-01) · 영 제84조제1항·제85조제1항(MST 288857, 시행 2026-09-18)","2026-09-21","국가법령정보 OPEN API lawService.do (원문: raw 폴더)"
"18","관리지역","관리지역","생산관리지역","20","20","20","50~80","80","「천안시 도시계획 조례」 제56조제1항제18호 · 제61조제1항제18호","2152964 / 1932763","2024-05-17","법 제77조제1항·제78조제1항(MST 284013, 시행 2026-07-01) · 영 제84조제1항·제85조제1항(MST 288857, 시행 2026-09-18)","2026-09-21","국가법령정보 OPEN API lawService.do (원문: raw 폴더)"
"19","관리지역","관리지역","계획관리지역","40","40","40","50~100","100","「천안시 도시계획 조례」 제56조제1항제19호 · 제61조제1항제19호","2152964 / 1932763","2024-05-17","법 제77조제1항·제78조제1항(MST 284013, 시행 2026-07-01) · 영 제84조제1항·제85조제1항(MST 288857, 시행 2026-09-18)","2026-09-21","국가법령정보 OPEN API lawService.do (원문: raw 폴더)"
"20","농림지역","-","농림지역","20","20","20","50~80","80","「천안시 도시계획 조례」 제56조제1항제20호 · 제61조제1항제20호","2152964 / 1932763","2024-05-17","법 제77조제1항·제78조제1항(MST 284013, 시행 2026-07-01) · 영 제84조제1항·제85조제1항(MST 288857, 시행 2026-09-18)","2026-09-21","국가법령정보 OPEN API lawService.do (원문: raw 폴더)"
"21","자연환경보전지역","-","자연환경보전지역","20","20","20","50~80","60","「천안시 도시계획 조례」 제56조제1항제21호 · 제61조제1항제21호","2152964 / 1932763","2024-05-17","법 제77조제1항·제78조제1항(MST 284013, 시행 2026-07-01) · 영 제84조제1항·제85조제1항(MST 288857, 시행 2026-09-18)","2026-09-21","국가법령정보 OPEN API lawService.do (원문: raw 폴더)"
